StartDate,EndDate,Status,IPAddress,Progress,Duration (in seconds),Finished,RecordedDate,ResponseId,RecipientLastName,RecipientFirstName,RecipientEmail,ExternalReference,LocationLatitude,LocationLongitude,DistributionChannel,UserLanguage,Education,Area of Study,Professional,Investment,401k,Data science,Q1 [0],Q1[1],Q9
3/15/2022 12:33,3/15/2022 12:34,IP Address,75.182.170.42,100,11,TRUE,3/15/2022 12:34,R_sni2WzOxHCTnhZL,,,,,35.05619812,-80.81939697,anonymous,EN,,,,,,,,,
3/15/2022 12:36,3/15/2022 12:37,IP Address,98.203.141.22,100,48,TRUE,3/15/2022 12:37,R_10AVwZnYNY8jBy9,,,,,47.69009399,-122.3746948,anonymous,EN,< Undergraduate,Others,"> 5 years work experience, including internships","Yes, I primarily make investments myself.","No, I am not",No,Almost $6000,,Yes
3/15/2022 12:36,3/15/2022 12:37,IP Address,100.7.47.175,100,59,TRUE,3/15/2022 12:37,R_24PllIOaICvtD94,,,,,37.48170471,-77.63770294,anonymous,EN,Undergraduate,Others,"> 5 years work experience, including internships","Yes, but I primarily rely on professional investors to help me invest.","Yes, I am",No,"$19,559 ",,Yes
3/15/2022 12:37,3/15/2022 12:37,IP Address,75.182.170.42,100,24,TRUE,3/15/2022 12:37,R_2doKp9hbf5YRoY2,,,,,35.05619812,-80.81939697,anonymous,EN,> Master's,"Business, Economics, and Finance,Statistics, Data Science","> 5 years work experience, including internships","Yes, but I primarily rely on professional investors to help me invest.","Yes, I am",Yes,,$8000-$9000,No
3/15/2022 12:36,3/15/2022 12:37,IP Address,76.115.45.184,100,53,TRUE,3/15/2022 12:37,R_1gvHs4aV4pahsu3,,,,,44.65539551,-123.1349945,anonymous,EN,Undergraduate,"Business, Economics, and Finance","> 5 years work experience, including internships","Yes, I primarily make investments myself.","No, I am not",No,,Almost $6000,No
3/15/2022 12:36,3/15/2022 12:38,IP Address,73.12.80.13,100,74,TRUE,3/15/2022 12:38,R_1eRWqQRm8B8S01Q,,,,,37.2696991,-81.22119904,anonymous,EN,Undergraduate,Others,"> 5 years work experience, including internships","Yes, but I primarily rely on professional investors to help me invest.","Yes, I am",No,Almost $6000,,No
3/15/2022 12:37,3/15/2022 12:38,IP Address,98.235.49.7,100,42,TRUE,3/15/2022 12:38,R_9WAkaAWarnzwx7H,,,,,40.2743988,-76.70619965,anonymous,EN,< Undergraduate,Others,"> 5 years work experience, including internships","No, I don't have any","No, I am not",No,,"$19,559 ",No
3/15/2022 12:36,3/15/2022 12:38,IP Address,73.160.14.40,100,77,TRUE,3/15/2022 12:38,R_2drU18x3fFsR9oA,,,,,40.58329773,-74.27700043,anonymous,EN,< Undergraduate,Others,"> 5 years work experience, including internships","Yes, I primarily make investments myself.","No, I am not",No,"$19,559 ",,No
3/15/2022 12:36,3/15/2022 12:38,IP Address,205.178.54.222,100,79,TRUE,3/15/2022 12:38,R_2b1TLvrxNRxtNy8,,,,,41.90319824,-87.63829803,anonymous,EN,Undergraduate,"Business, Economics, and Finance","1-3 years work experience, including internships","Yes, I primarily make investments myself.","No, I am not",No,,Almost $6000,No
3/15/2022 12:37,3/15/2022 12:38,IP Address,216.81.94.71,100,81,TRUE,3/15/2022 12:38,R_1ojyoR4I3k0Hjlm,,,,,37.75100708,-97.8219986,anonymous,EN,Undergraduate,Others,"> 5 years work experience, including internships","Yes, but I primarily rely on professional investors to help me invest.","Yes, I am",No,Almost $6000,,No
3/15/2022 12:37,3/15/2022 12:38,IP Address,73.211.87.80,100,55,TRUE,3/15/2022 12:38,R_vl6w7WK7wHZXjoZ,,,,,42.36669922,-88.09249878,anonymous,EN,< Undergraduate,Others,"> 5 years work experience, including internships","Yes, I primarily make investments myself.","No, I am not",No,"$19,559 ",,No
3/15/2022 12:37,3/15/2022 12:38,IP Address,206.54.198.154,100,111,TRUE,3/15/2022 12:39,R_2R2FaVTK9FgLqLV,,,,,29.57200623,-95.54000092,anonymous,EN,Undergraduate,Others,"> 5 years work experience, including internships","Yes, but I primarily rely on professional investors to help me invest.","No, I am not",No,,"$19,559 ",No
3/15/2022 12:37,3/15/2022 12:39,IP Address,76.185.187.47,100,79,TRUE,3/15/2022 12:39,R_O2bJgvEsJGwJVVD,,,,,29.41349792,-98.46450043,anonymous,EN,< Undergraduate,Others,"> 5 years work experience, including internships","Yes, I primarily make investments myself.","No, I am not",No,"$19,559 ",,Yes
3/15/2022 12:38,3/15/2022 12:39,IP Address,108.247.233.242,100,92,TRUE,3/15/2022 12:39,R_3nN8nbEFeq1vE5d,,,,,33.99549866,-84.65809631,anonymous,EN,< Undergraduate,Others,"> 5 years work experience, including internships","No, I don't have any","Yes, I am",No,,$8000-$9000,No
3/15/2022 12:39,3/15/2022 12:40,IP Address,23.112.98.195,100,38,TRUE,3/15/2022 12:40,R_2v08DQ8Y8A11e5o,,,,,26.11669922,-80.12860107,anonymous,EN,< Undergraduate,Others,"> 5 years work experience, including internships","Yes, I primarily make investments myself.","No, I am not",No,,Almost $6000,No
3/15/2022 12:38,3/15/2022 12:40,IP Address,71.191.188.142,100,98,TRUE,3/15/2022 12:40,R_1g0IxAhHfVk2XHl,,,,,38.77409363,-77.2385025,anonymous,EN,Undergraduate,"Business, Economics, and Finance","1-3 years work experience, including internships","Yes, I primarily make investments myself.","Yes, I am",Yes,Almost $6000,,Yes
3/15/2022 12:40,3/15/2022 12:41,IP Address,73.187.15.130,100,24,TRUE,3/15/2022 12:41,R_1ruM7TcdVJgVKLf,,,,,40.10940552,-76.51309967,anonymous,EN,< Undergraduate,Others,"> 5 years work experience, including internships","No, I don't have any","Yes, I am",No,$8000-$9000,,No
3/15/2022 12:40,3/15/2022 12:41,IP Address,71.196.224.73,100,93,TRUE,3/15/2022 12:41,R_XhwXCcGfahB75qp,,,,,39.81469727,-105.1167984,anonymous,EN,> Master's,"Business, Economics, and Finance","> 5 years work experience, including internships","Yes, I primarily make investments myself.","Yes, I am",No,,$8000-$9000,Yes
3/15/2022 12:39,3/15/2022 12:42,IP Address,216.164.112.118,100,178,TRUE,3/15/2022 12:42,R_3snAIg8b6ZnS6sm,,,,,40.65429688,-75.50340271,anonymous,EN,< Undergraduate,Others,"> 5 years work experience, including internships","Yes, I primarily make investments myself.","Yes, I am",No,Almost $6000,,No
3/15/2022 12:41,3/15/2022 12:42,IP Address,71.81.227.245,100,57,TRUE,3/15/2022 12:42,R_2xGbiQgRP9Bk5YS,,,,,34.79269409,-82.58390045,anonymous,EN,< Undergraduate,Others,"> 5 years work experience, including internships","Yes, but I primarily rely on professional investors to help me invest.","Yes, I am",No,,"$19,559 ",Yes
3/15/2022 12:40,3/15/2022 12:42,IP Address,68.32.232.238,100,112,TRUE,3/15/2022 12:42,R_2zViBjf9jQA5JIZ,,,,,36.69119263,-82.01860046,anonymous,EN,Master's,"Business, Economics, and Finance","> 5 years work experience, including internships","Yes, I primarily make investments myself.","Yes, I am",No,,"$19,559 ",Yes
3/15/2022 12:41,3/15/2022 12:43,IP Address,73.55.204.192,100,115,TRUE,3/15/2022 12:43,R_2w7wVhGaCViX7m6,,,,,29.79690552,-95.32810211,anonymous,EN,Undergraduate,Other STEM,"> 5 years work experience, including internships","No, I don't have any","No, I am not",No,,$8000-$9000,No
3/15/2022 12:41,3/15/2022 12:43,IP Address,72.14.101.191,100,133,TRUE,3/15/2022 12:43,R_2PvgqisuBDWgtyf,,,,,36.60890198,-88.30310059,anonymous,EN,Undergraduate,Other STEM,"> 5 years work experience, including internships","No, I don't have any","No, I am not",No,Almost $6000,,No
3/15/2022 12:42,3/15/2022 12:44,IP Address,198.71.99.128,100,73,TRUE,3/15/2022 12:44,R_3RgRurSvaQ41LoR,,,,,33.479599,-88.35279846,anonymous,EN,Undergraduate,Others,"> 5 years work experience, including internships","Yes, but I primarily rely on professional investors to help me invest.","Yes, I am",No,"$19,559 ",,No
3/15/2022 12:41,3/15/2022 12:44,IP Address,66.234.106.200,100,145,TRUE,3/15/2022 12:44,R_1OHbCTpzn2XNXrB,,,,,34.00340271,-84.46050262,anonymous,EN,Undergraduate,Other STEM,"> 5 years work experience, including internships","Yes, I primarily make investments myself.","Yes, I am",No,Almost $6000,,No
3/15/2022 12:41,3/15/2022 12:45,IP Address,72.94.47.16,100,224,TRUE,3/15/2022 12:45,R_3QVhz3ZIjiZMMpB,,,,,40.60270691,-75.47779846,anonymous,EN,< Undergraduate,Others,No work experience,"No, I don't have any","No, I am not",Yes,$8000-$9000,,No
3/15/2022 12:45,3/15/2022 12:47,IP Address,75.133.115.28,100,141,TRUE,3/15/2022 12:47,R_RfyHI4DbK0pzEyt,,,,,41.46499634,-73.39800262,anonymous,EN,Undergraduate,Others,"> 5 years work experience, including internships","Yes, I primarily make investments myself.","No, I am not",No,Almost $6000,,Yes
3/15/2022 12:44,3/15/2022 12:48,IP Address,67.79.169.226,100,227,TRUE,3/15/2022 12:48,R_1YtZothIlBN0DSh,,,,,28.04060364,-82.39510345,anonymous,EN,Undergraduate,Others,"> 5 years work experience, including internships","Yes, I primarily make investments myself.","Yes, I am",No,,$8000-$9000,No
3/15/2022 12:47,3/15/2022 12:49,IP Address,65.32.239.40,100,138,TRUE,3/15/2022 12:49,R_3mh3wlKIZvyAYV8,,,,,27.96110535,-81.93979645,anonymous,EN,Undergraduate,Other STEM,"> 5 years work experience, including internships","Yes, I primarily make investments myself.","Yes, I am",No,,Almost $6000,Yes
3/15/2022 12:48,3/15/2022 12:50,IP Address,71.214.113.183,100,61,TRUE,3/15/2022 12:50,R_2ePtaI1HxZcPnV7,,,,,28.71150208,-81.5134964,anonymous,EN,Undergraduate,Others,"> 5 years work experience, including internships","Yes, but I primarily rely on professional investors to help me invest.","No, I am not",No,$8000-$9000,,No
3/15/2022 12:49,3/15/2022 12:50,IP Address,174.84.79.207,100,52,TRUE,3/15/2022 12:50,R_3oWSZQSZGijDL1y,,,,,42.90589905,-83.9937973,anonymous,EN,Undergraduate,Others,"> 5 years work experience, including internships","Yes, but I primarily rely on professional investors to help me invest.","Yes, I am",Yes,,$8000-$9000,Yes
3/15/2022 12:49,3/15/2022 12:51,IP Address,76.82.102.74,100,85,TRUE,3/15/2022 12:51,R_1Nf6I4Clitjm1pb,,,,,34.02510071,-118.1556015,anonymous,EN,< Undergraduate,Others,"> 5 years work experience, including internships","No, I don't have any","Yes, I am",Yes,$8000-$9000,,Yes
3/15/2022 12:49,3/15/2022 12:51,IP Address,100.12.176.43,100,131,TRUE,3/15/2022 12:51,R_3IbJYSCIXIdLS69,,,,,40.74650574,-73.90899658,anonymous,EN,> Master's,Other STEM,"> 5 years work experience, including internships","Yes, I primarily make investments myself.","Yes, I am",No,Almost $6000,,No
3/15/2022 12:51,3/15/2022 12:51,IP Address,155.186.98.219,100,45,TRUE,3/15/2022 12:51,R_2s6C9alvyxh8vnL,,,,,34.24229431,-117.2747955,anonymous,EN,< Undergraduate,Others,"> 5 years work experience, including internships","No, I don't have any",I am not sure,No,,Almost $6000,Yes
3/15/2022 12:50,3/15/2022 12:53,IP Address,75.97.234.178,100,174,TRUE,3/15/2022 12:53,R_OjVDNObruIswiAN,,,,,40.83250427,-75.70140076,anonymous,EN,< Undergraduate,Others,No work experience,"No, I don't have any","Yes, I am",No,Almost $6000,,Yes
3/15/2022 12:52,3/15/2022 12:53,IP Address,24.199.148.218,100,110,TRUE,3/15/2022 12:53,R_1QEnzD8sFu7PgRI,,,,,35.22270203,-80.79380035,anonymous,EN,Undergraduate,Others,"> 5 years work experience, including internships","Yes, I primarily make investments myself.","Yes, I am",No,,"$19,559 ",Yes
3/15/2022 12:53,3/15/2022 12:54,IP Address,108.216.4.79,100,56,TRUE,3/15/2022 12:54,R_2yfwvsvK2bjQy7I,,,,,30.0821991,-81.54979706,anonymous,EN,Master's,Others,"> 5 years work experience, including internships","Yes, I primarily make investments myself.","Yes, I am",No,,$8000-$9000,No
3/15/2022 12:53,3/15/2022 12:54,IP Address,136.56.31.80,100,75,TRUE,3/15/2022 12:54,R_2BhSVOqTVRzu601,,,,,35.76069641,-78.77940369,anonymous,EN,Undergraduate,Others,"> 5 years work experience, including internships","Yes, but I primarily rely on professional investors to help me invest.","Yes, I am",No,Almost $6000,,No
3/15/2022 12:54,3/15/2022 12:55,IP Address,35.132.138.74,100,78,TRUE,3/15/2022 12:55,R_voTPs7blCwHPatH,,,,,42.1920929,-121.7232971,anonymous,EN,< Undergraduate,Others,"> 5 years work experience, including internships","Yes, I primarily make investments myself.","Yes, I am",No,"$19,559 ",,No
3/15/2022 12:54,3/15/2022 12:56,IP Address,156.146.118.48,100,104,TRUE,3/15/2022 12:56,R_Y6cwGwvqqitscxj,,,,,36.52839661,-93.94539642,anonymous,EN,< Undergraduate,"Statistics, Data Science","> 5 years work experience, including internships","Yes, I primarily make investments myself.","Yes, I am",Yes,Almost $6000,,No
3/15/2022 12:54,3/15/2022 12:56,IP Address,24.13.4.9,100,77,TRUE,3/15/2022 12:56,R_1IgIS8UJk7ITRgl,,,,,41.59100342,-88.04840088,anonymous,EN,< Undergraduate,Others,"> 5 years work experience, including internships","Yes, but I primarily rely on professional investors to help me invest.",I am not sure,No,,"$19,559 ",No
3/15/2022 12:54,3/15/2022 12:56,IP Address,151.213.176.228,100,88,TRUE,3/15/2022 12:56,R_2P5rowgIZl5swo0,,,,,29.57989502,-95.60849762,anonymous,EN,Undergraduate,Others,"> 5 years work experience, including internships","Yes, but I primarily rely on professional investors to help me invest.","No, I am not",No,,Almost $6000,No
3/15/2022 12:54,3/15/2022 12:56,IP Address,184.61.215.206,100,99,TRUE,3/15/2022 12:56,R_27dHzZ2BMWdAUaJ,,,,,42.70089722,-88.54620361,anonymous,EN,Master's,"Business, Economics, and Finance","> 5 years work experience, including internships","Yes, I primarily make investments myself.","Yes, I am",No,,$8000-$9000,No
3/15/2022 12:57,3/15/2022 12:58,IP Address,108.73.95.238,100,62,TRUE,3/15/2022 12:58,R_1ilJTe6q5uQJJOf,,,,,32.96359253,-96.74680328,anonymous,EN,Undergraduate,Others,"> 5 years work experience, including internships","Yes, I primarily make investments myself.","No, I am not",No,"$19,559 ",,No
3/15/2022 12:58,3/15/2022 13:00,IP Address,73.188.191.75,100,86,TRUE,3/15/2022 13:00,R_eQnAmjkI0t7LIqt,,,,,40.03450012,-75.11930084,anonymous,EN,Undergraduate,"Business, Economics, and Finance","> 5 years work experience, including internships","Yes, I primarily make investments myself.","Yes, I am",No,,Almost $6000,Yes
3/15/2022 13:03,3/15/2022 13:04,IP Address,173.20.3.196,100,64,TRUE,3/15/2022 13:04,R_11ZsgcDplysDI2Z,,,,,30.27319336,-87.76059723,anonymous,EN,Undergraduate,Other STEM,"> 5 years work experience, including internships","Yes, I primarily make investments myself.","No, I am not",No,Almost $6000,,No
3/15/2022 13:04,3/15/2022 13:04,IP Address,65.60.217.66,100,24,TRUE,3/15/2022 13:04,R_vBOXHj8wxZcNGNj,,,,,40.05360413,-83.0114975,anonymous,EN,Undergraduate,"Business, Economics, and Finance","4-5 years work experience, including internships","No, I don't have any","Yes, I am",No,,"$19,559 ",No
3/15/2022 13:04,3/15/2022 13:04,IP Address,99.58.42.214,100,31,TRUE,3/15/2022 13:04,R_AjPPQZp9T3Ux8oF,,,,,30.17070007,-95.50189972,anonymous,EN,Undergraduate,"Statistics, Data Science","> 5 years work experience, including internships","Yes, but I primarily rely on professional investors to help me invest.","Yes, I am",Yes,,$8000-$9000,Yes
3/15/2022 13:02,3/15/2022 13:04,IP Address,24.91.180.31,100,111,TRUE,3/15/2022 13:04,R_3oF2lxURDrRyojt,,,,,42.06809998,-72.62560272,anonymous,EN,Master's,Others,"> 5 years work experience, including internships","Yes, but I primarily rely on professional investors to help me invest.","No, I am not",No,,$8000-$9000,No
3/15/2022 13:04,3/15/2022 13:06,IP Address,68.36.219.215,100,141,TRUE,3/15/2022 13:06,R_12PvVXFgBhXEj8g,,,,,42.42570496,-83.15219879,anonymous,EN,< Undergraduate,Others,"> 5 years work experience, including internships","No, I don't have any","Yes, I am",No,"$19,559 ",,No
3/15/2022 13:05,3/15/2022 13:07,IP Address,50.39.168.96,100,125,TRUE,3/15/2022 13:07,R_2rBf7y8kfVnpZfM,,,,,45.53970337,-122.9637985,anonymous,EN,Undergraduate,"Business, Economics, and Finance","> 5 years work experience, including internships","Yes, I primarily make investments myself.","Yes, I am",No,,Almost $6000,Yes
3/15/2022 13:07,3/15/2022 13:09,IP Address,172.58.30.251,100,83,TRUE,3/15/2022 13:09,R_3GDk7IfPY2L2vdH,,,,,34.05439758,-118.2440948,anonymous,EN,Undergraduate,"Business, Economics, and Finance","> 5 years work experience, including internships","Yes, I primarily make investments myself.","Yes, I am",No,,"$19,559 ",No
3/15/2022 13:08,3/15/2022 13:09,IP Address,70.59.75.129,100,93,TRUE,3/15/2022 13:09,R_3GCKfYTjuUG4o98,,,,,44.94020081,-93.21880341,anonymous,EN,< Undergraduate,Other STEM,"> 5 years work experience, including internships","Yes, I primarily make investments myself.","No, I am not",No,Almost $6000,,No
3/15/2022 13:11,3/15/2022 13:11,IP Address,169.139.19.117,100,42,TRUE,3/15/2022 13:11,R_RyKnSjxtStRof5f,,,,,25.85380554,-80.20690155,anonymous,EN,< Undergraduate,Others,"1-3 years work experience, including internships","Yes, I primarily make investments myself.","No, I am not",No,$8000-$9000,,Yes
3/15/2022 13:20,3/15/2022 13:21,IP Address,45.21.4.25,100,71,TRUE,3/15/2022 13:21,R_3jYGUXGLbEPCywq,,,,,29.73370361,-98.66760254,anonymous,EN,Undergraduate,Other STEM,"> 5 years work experience, including internships","Yes, I primarily make investments myself.","Yes, I am",No,,$8000-$9000,No
3/15/2022 12:42,3/15/2022 12:43,IP Address,71.183.227.153,78,32,FALSE,3/22/2022 12:43,R_3rNU2baxfuKTaZt,,,,,,,anonymous,EN,> Master's,"Business, Economics, and Finance","> 5 years work experience, including internships","Yes, I primarily make investments myself.","No, I am not",No,,,
3/15/2022 12:43,3/15/2022 12:43,IP Address,68.32.232.238,78,41,FALSE,3/22/2022 12:43,R_1pX5HivOTulEokx,,,,,,,anonymous,EN,Master's,"Business, Economics, and Finance","> 5 years work experience, including internships","Yes, I primarily make investments myself.","Yes, I am",No,,,
3/15/2022 12:56,3/15/2022 12:57,IP Address,50.88.203.23,78,21,FALSE,3/22/2022 12:57,R_1fltKHfyqkqFvqn,,,,,,,anonymous,EN,< Undergraduate,Others,"> 5 years work experience, including internships","Yes, but I primarily rely on professional investors to help me invest.","No, I am not",No,,,
3/15/2022 12:59,3/15/2022 13:00,IP Address,73.34.61.56,78,35,FALSE,3/22/2022 13:00,R_p63BsaE9tynD4f7,,,,,,,anonymous,EN,Undergraduate,Other STEM,"> 5 years work experience, including internships","No, I don't have any",I am not sure,No,,,
4/7/2022 9:22,4/7/2022 9:23,IP Address,98.235.48.27,100,38,TRUE,4/7/2022 9:23,R_1DNDHlVDF9v5up3,,,,,40.2995,-76.5868,anonymous,EN,< Undergraduate,Others,"> 5 years work experience, including internships","No, I don't have any","No, I am not",No,,$8000-$9000,No
4/7/2022 9:22,4/7/2022 9:23,IP Address,174.103.176.18,100,64,TRUE,4/7/2022 9:23,R_1OHoP9J5wUSud6v,,,,,43.0818,-87.892,anonymous,EN,< Undergraduate,Others,"> 5 years work experience, including internships","Yes, I primarily make investments myself.","Yes, I am",I am not sure,,"$19,559 ",No
4/7/2022 9:22,4/7/2022 9:24,IP Address,75.67.35.179,100,86,TRUE,4/7/2022 9:24,R_1kFVp3AVd84IzWZ,,,,,41.7166,-71.1431,anonymous,EN,Undergraduate,Other STEM,"> 5 years work experience, including internships","Yes, I primarily make investments myself.","Yes, I am",I am not sure,Almost $6000,,No
4/7/2022 9:22,4/7/2022 9:24,IP Address,70.92.101.12,100,96,TRUE,4/7/2022 9:24,R_3HOByyyDqTkk3wQ,,,,,37.825,-87.5655,anonymous,EN,< Undergraduate,"Business, Economics, and Finance",No work experience,"Yes, I primarily make investments myself.","Yes, I am",I am not sure,$8000-$9000,,Yes
4/7/2022 9:23,4/7/2022 9:24,IP Address,47.147.13.168,100,58,TRUE,4/7/2022 9:24,R_1ro8plQtZzsPM5g,,,,,34.0264,-117.936,anonymous,EN,Undergraduate,Others,"> 5 years work experience, including internships","Yes, I primarily make investments myself.","Yes, I am",No,Almost $6000,,No
4/7/2022 9:23,4/7/2022 9:24,IP Address,73.224.223.22,100,84,TRUE,4/7/2022 9:24,R_1MYFqRsz3lWwKmx,,,,,31.2804,-81.5305,anonymous,EN,Undergraduate,Others,"4-5 years work experience, including internships","Yes, I primarily make investments myself.","No, I am not",No,,Almost $6000,No
4/7/2022 9:22,4/7/2022 9:24,IP Address,131.106.53.170,100,123,TRUE,4/7/2022 9:24,R_D77jIfG9JwQeXsZ,,,,,40.595,-75.5289,anonymous,EN,Undergraduate,Other STEM,"> 5 years work experience, including internships","Yes, but I primarily rely on professional investors to help me invest.","Yes, I am",Yes,Almost $6000,,No
4/7/2022 9:23,4/7/2022 9:25,IP Address,76.115.45.184,100,85,TRUE,4/7/2022 9:25,R_297jRqMYhFgJoWM,,,,,44.6554,-123.135,anonymous,EN,Undergraduate,"Business, Economics, and Finance","> 5 years work experience, including internships","Yes, I primarily make investments myself.","No, I am not",No,Almost $6000,,Yes
4/7/2022 9:24,4/7/2022 9:25,IP Address,73.148.220.70,100,59,TRUE,4/7/2022 9:25,R_x6kOpg8jnv83G0h,,,,,30.2755,-81.5815,anonymous,EN,Master's,"Business, Economics, and Finance","4-5 years work experience, including internships","Yes, but I primarily rely on professional investors to help me invest.","Yes, I am",Yes,,Almost $6000,Yes
4/7/2022 9:24,4/7/2022 9:25,IP Address,206.54.198.154,100,100,TRUE,4/7/2022 9:25,R_3lsmUvULD9mWcPP,,,,,29.572,-95.54,anonymous,EN,< Undergraduate,Other STEM,"> 5 years work experience, including internships","Yes, but I primarily rely on professional investors to help me invest.","No, I am not",No,"$19,559 ",,No
4/7/2022 9:25,4/7/2022 9:25,IP Address,66.91.210.148,100,47,TRUE,4/7/2022 9:25,R_1dMucF312SpNhei,,,,,21.2817,-157.825,anonymous,EN,Undergraduate,"Business, Economics, and Finance","> 5 years work experience, including internships","Yes, I primarily make investments myself.","Yes, I am",No,"$19,559 ",,No
4/7/2022 9:25,4/7/2022 9:25,IP Address,216.109.8.50,100,39,TRUE,4/7/2022 9:25,R_1qfCKJMGkuznEVl,,,,,34.4469,-86.9237,anonymous,EN,Undergraduate,Others,"> 5 years work experience, including internships","Yes, but I primarily rely on professional investors to help me invest.","Yes, I am",No,"$19,559 ",,No
4/7/2022 9:24,4/7/2022 9:26,IP Address,71.81.227.245,100,95,TRUE,4/7/2022 9:26,R_3EtL68ck8JiY9fw,,,,,34.7927,-82.5839,anonymous,EN,Undergraduate,"Business, Economics, and Finance","> 5 years work experience, including internships","Yes, but I primarily rely on professional investors to help me invest.","Yes, I am",No,,$8000-$9000,Yes
4/7/2022 9:24,4/7/2022 9:26,IP Address,66.176.72.219,100,119,TRUE,4/7/2022 9:26,R_1ISIkbsbaU1DtnI,,,,,26.0162,-80.1955,anonymous,EN,Undergraduate,Other STEM,"> 5 years work experience, including internships","Yes, I primarily make investments myself.","Yes, I am",No,,Almost $6000,No
4/7/2022 9:26,4/7/2022 9:27,IP Address,159.118.6.47,100,56,TRUE,4/7/2022 9:27,R_2CerCQAY7cZpmt9,,,,,30.399,-88.6405,anonymous,EN,Undergraduate,Other STEM,"> 5 years work experience, including internships","Yes, I primarily make investments myself.","Yes, I am",No,,$8000-$9000,Yes
4/7/2022 9:29,4/7/2022 9:30,IP Address,172.58.3.188,100,62,TRUE,4/7/2022 9:30,R_NVmabvER9U79SMx,,,,,33.8895,-84.2921,anonymous,EN,Master's,"Business, Economics, and Finance","> 5 years work experience, including internships","Yes, I primarily make investments myself.","No, I am not",No,,"$19,559 ",Yes
4/7/2022 9:31,4/7/2022 9:33,IP Address,50.89.2.36,100,109,TRUE,4/7/2022 9:33,R_1KqKZHuGhYZaBxU,,,,,29.0422,-81.2863,anonymous,EN,Undergraduate,Others,"> 5 years work experience, including internships","Yes, I primarily make investments myself.","Yes, I am",No,Almost $6000,,Yes
4/7/2022 9:33,4/7/2022 9:35,IP Address,134.215.141.40,100,151,TRUE,4/7/2022 9:35,R_OCKASm86EZRVCFj,,,,,47.7207,-117.1859,anonymous,EN,Undergraduate,Other STEM,"> 5 years work experience, including internships","Yes, I primarily make investments myself.","No, I am not",No,,$8000-$9000,Yes
4/7/2022 9:35,4/7/2022 9:36,IP Address,216.109.8.50,100,42,TRUE,4/7/2022 9:36,R_2EmGLyczgVuDodp,,,,,34.4469,-86.9237,anonymous,EN,Undergraduate,Others,"> 5 years work experience, including internships","Yes, but I primarily rely on professional investors to help me invest.","Yes, I am",No,$8000-$9000,,No
4/7/2022 9:36,4/7/2022 9:36,IP Address,47.185.65.61,100,48,TRUE,4/7/2022 9:36,R_WxPKfTFjRXMTJtv,,,,,32.9321,-97.2834,anonymous,EN,Undergraduate,Others,"> 5 years work experience, including internships","Yes, I primarily make investments myself.","Yes, I am",No,,$8000-$9000,No
4/7/2022 9:35,4/7/2022 9:37,IP Address,71.194.212.51,100,84,TRUE,4/7/2022 9:37,R_1MRoky6fFI8mcgI,,,,,41.5271,-87.2533,anonymous,EN,< Undergraduate,Other STEM,"> 5 years work experience, including internships","Yes, I primarily make investments myself.","Yes, I am",No,,Almost $6000,No
4/7/2022 9:36,4/7/2022 9:38,IP Address,73.161.247.123,100,117,TRUE,4/7/2022 9:38,R_2RWGQd65H8ewcn7,,,,,42.6449,-83.4036,anonymous,EN,Undergraduate,Others,"> 5 years work experience, including internships","Yes, I primarily make investments myself.","No, I am not",No,Almost $6000,,No
4/7/2022 9:37,4/7/2022 9:38,IP Address,71.114.148.158,100,58,TRUE,4/7/2022 9:38,R_2fr4wUUZujHjylU,,,,,40.2039,-76.7286,anonymous,EN,Undergraduate,Others,"> 5 years work experience, including internships","Yes, I primarily make investments myself.","No, I am not",No,$8000-$9000,,No
4/7/2022 9:37,4/7/2022 9:38,IP Address,98.242.66.182,100,82,TRUE,4/7/2022 9:38,R_3qvrgdMQ4hOfIjM,,,,,30.4908,-84.3158,anonymous,EN,Undergraduate,Others,"> 5 years work experience, including internships","Yes, I primarily make investments myself.","No, I am not",No,,Almost $6000,No
4/7/2022 9:37,4/7/2022 9:39,IP Address,68.63.20.185,100,123,TRUE,4/7/2022 9:39,R_20NAzMNuR2uhCyE,,,,,30.4908,-84.3158,anonymous,EN,Undergraduate,Others,"> 5 years work experience, including internships","Yes, I primarily make investments myself.","No, I am not",No,Almost $6000,,No
4/7/2022 9:37,4/7/2022 9:40,Spam,159.118.6.47,100,197,TRUE,4/7/2022 9:40,R_2YWegsUJQodXX4W,,,,,30.399,-88.6405,anonymous,EN,Undergraduate,Other STEM,"> 5 years work experience, including internships","Yes, I primarily make investments myself.","Yes, I am",No,,$8000-$9000,Yes
4/7/2022 9:38,4/7/2022 9:40,IP Address,75.132.183.65,100,119,TRUE,4/7/2022 9:40,R_8eLMTp2O92CxmjT,,,,,38.5317,-89.9988,anonymous,EN,< Undergraduate,Others,No work experience,"No, I don't have any","No, I am not",No,Almost $6000,,No
4/7/2022 9:39,4/7/2022 9:39,IP Address,172.58.3.188,100,32,TRUE,4/7/2022 9:40,R_2QhMFWv357XbKQD,,,,,33.8895,-84.2921,anonymous,EN,Master's,"Business, Economics, and Finance","> 5 years work experience, including internships","Yes, I primarily make investments myself.","No, I am not",No,"$19,559 ",,Yes
4/7/2022 9:37,4/7/2022 9:41,IP Address,75.184.124.108,100,199,TRUE,4/7/2022 9:41,R_24orAAPPMYGtgHI,,,,,44.5034,-87.9813,anonymous,EN,Master's,Others,"> 5 years work experience, including internships","Yes, but I primarily rely on professional investors to help me invest.","Yes, I am",No,,Almost $6000,Yes
4/7/2022 9:40,4/7/2022 9:42,IP Address,71.60.37.210,100,111,TRUE,4/7/2022 9:42,R_CmKnRIsyRtmKKtP,,,,,40.1551,-76.6021,anonymous,EN,< Undergraduate,"Business, Economics, and Finance","> 5 years work experience, including internships","Yes, I primarily make investments myself.","Yes, I am",No,,Almost $6000,No
4/7/2022 9:40,4/7/2022 9:42,IP Address,131.106.53.170,100,141,TRUE,4/7/2022 9:42,R_8ADXRwj2W33C6lP,,,,,40.595,-75.5289,anonymous,EN,Undergraduate,Other STEM,"> 5 years work experience, including internships","Yes, but I primarily rely on professional investors to help me invest.","Yes, I am",Yes,,Almost $6000,No
4/7/2022 9:37,4/7/2022 9:42,IP Address,100.12.176.43,100,354,TRUE,4/7/2022 9:42,R_3kMNmX6bcaVpdfI,,,,,40.7364,-73.8695,anonymous,EN,> Master's,Other STEM,"> 5 years work experience, including internships","Yes, I primarily make investments myself.","Yes, I am",No,,Almost $6000,No
4/7/2022 9:41,4/7/2022 9:43,IP Address,74.131.203.108,100,117,TRUE,4/7/2022 9:43,R_1DVab1tPsWtU6J6,,,,,39.9534,-83.7801,anonymous,EN,< Undergraduate,Others,"> 5 years work experience, including internships","Yes, I primarily make investments myself.","Yes, I am",No,Almost $6000,,No
4/7/2022 9:42,4/7/2022 9:43,IP Address,170.97.167.69,100,68,TRUE,4/7/2022 9:43,R_2feS7Kz967wM0Us,,,,,38.8341,-76.7974,anonymous,EN,Master's,Others,"> 5 years work experience, including internships","Yes, I primarily make investments myself.","Yes, I am",No,Almost $6000,,No
4/7/2022 9:42,4/7/2022 9:43,Spam,76.115.45.184,100,55,TRUE,4/7/2022 9:43,R_bpSZj9B4a4z0sIV,,,,,44.6554,-123.135,anonymous,EN,Undergraduate,"Business, Economics, and Finance","> 5 years work experience, including internships","Yes, I primarily make investments myself.","No, I am not",No,Almost $6000,,Yes
4/7/2022 9:42,4/7/2022 9:43,IP Address,97.92.43.183,100,102,TRUE,4/7/2022 9:43,R_wQOg6m8t9BLF7LX,,,,,42.271,-85.542,anonymous,EN,< Undergraduate,Others,"> 5 years work experience, including internships","No, I don't have any","No, I am not",No,,Almost $6000,No
4/7/2022 9:25,4/7/2022 9:44,IP Address,141.126.132.106,100,1155,TRUE,4/7/2022 9:44,R_2TSF38wynUgxTkO,,,,,43.1205,-89.3523,anonymous,EN,,Others,"> 5 years work experience, including internships","No, I don't have any","No, I am not",No,"$19,559 ",,No
4/7/2022 9:43,4/7/2022 9:45,IP Address,73.153.191.15,100,84,TRUE,4/7/2022 9:45,R_3G0A8UTIJA2FlP6,,,,,39.7128,-105.0953,anonymous,EN,Undergraduate,Other STEM,"> 5 years work experience, including internships","Yes, I primarily make investments myself.","No, I am not",Yes,Almost $6000,,No
4/7/2022 9:43,4/7/2022 9:45,IP Address,68.37.235.146,100,125,TRUE,4/7/2022 9:45,R_3mkFQdQCdtoskIZ,,,,,42.6563,-83.1231,anonymous,EN,Undergraduate,Other STEM,"> 5 years work experience, including internships","Yes, but I primarily rely on professional investors to help me invest.","Yes, I am",Yes,,Almost $6000,No
4/7/2022 9:45,4/7/2022 9:46,IP Address,73.148.220.70,100,36,TRUE,4/7/2022 9:46,R_1kYLaGiVLIzHrdG,,,,,30.2755,-81.5815,anonymous,EN,Master's,Other STEM,"4-5 years work experience, including internships","Yes, but I primarily rely on professional investors to help me invest.","Yes, I am",Yes,,Almost $6000,Yes
4/7/2022 9:45,4/7/2022 9:47,IP Address,98.212.175.7,100,98,TRUE,4/7/2022 9:47,R_vTrLD77NDkZMdtT,,,,,41.6786,-85.9579,anonymous,EN,< Undergraduate,Others,"> 5 years work experience, including internships","Yes, I primarily make investments myself.","No, I am not",I am not sure,$8000-$9000,,Yes
4/7/2022 9:45,4/7/2022 9:47,IP Address,67.79.169.226,100,113,TRUE,4/7/2022 9:47,R_2tlHbAggw04bpSK,,,,,27.9906,-82.7455,anonymous,EN,Undergraduate,Others,"> 5 years work experience, including internships","Yes, I primarily make investments myself.","Yes, I am",No,,Almost $6000,No
4/7/2022 9:49,4/7/2022 9:49,IP Address,174.54.118.0,100,51,TRUE,4/7/2022 9:49,R_tJmji3sf1fqMkKd,,,,,40.0008,-76.7697,anonymous,EN,< Undergraduate,"Business, Economics, and Finance","> 5 years work experience, including internships","No, I don't have any","Yes, I am",No,"$19,559 ",,No
4/7/2022 9:48,4/7/2022 9:50,IP Address,24.38.255.173,100,125,TRUE,4/7/2022 9:50,R_1MMoDoRRDYZsWSR,,,,,40.6462,-73.9559,anonymous,EN,< Undergraduate,Others,"> 5 years work experience, including internships","Yes, I primarily make investments myself.","No, I am not",No,,$8000-$9000,Yes
4/7/2022 9:50,4/7/2022 9:52,IP Address,174.56.6.228,100,149,TRUE,4/7/2022 9:52,R_uzhRWa6rU4P1g0p,,,,,32.2879,-106.7591,anonymous,EN,Master's,Others,"> 5 years work experience, including internships","No, I don't have any","No, I am not",No,,"$19,559 ",Yes
4/7/2022 9:51,4/7/2022 9:52,IP Address,147.92.28.189,100,61,TRUE,4/7/2022 9:52,R_DFOZetGImsDxkMF,,,,,36.5217,-86.3171,anonymous,EN,Undergraduate,"Business, Economics, and Finance","> 5 years work experience, including internships","No, I don't have any","No, I am not",No,Almost $6000,,No
4/7/2022 9:50,4/7/2022 9:52,IP Address,128.84.125.219,100,150,TRUE,4/7/2022 9:52,R_PCj04vwpU8Nbzjz,,,,,42.4444,-76.4926,anonymous,EN,Master's,Other STEM,"> 5 years work experience, including internships","Yes, but I primarily rely on professional investors to help me invest.","Yes, I am",No,"$19,559 ",,No
4/7/2022 9:52,4/7/2022 9:54,IP Address,24.229.165.136,100,137,TRUE,4/7/2022 9:54,R_2rG6WBPLFVIK5Fo,,,,,40.595,-75.5289,anonymous,EN,< Undergraduate,"Business, Economics, and Finance","> 5 years work experience, including internships","No, I don't have any","No, I am not",No,"$19,559 ",,No
4/7/2022 9:54,4/7/2022 9:55,IP Address,23.112.98.195,100,29,TRUE,4/7/2022 9:55,R_3saz136cKdmarMD,,,,,26.1167,-80.1286,anonymous,EN,< Undergraduate,Others,"> 5 years work experience, including internships","No, I don't have any","No, I am not",No,$8000-$9000,,No
4/7/2022 9:54,4/7/2022 9:55,IP Address,68.81.42.79,100,91,TRUE,4/7/2022 9:55,R_28V4NlejWxGvtCk,,,,,40.2684,-75.3903,anonymous,EN,> Master's,Other STEM,"> 5 years work experience, including internships","Yes, but I primarily rely on professional investors to help me invest.","No, I am not",No,,Almost $6000,No
4/7/2022 9:53,4/7/2022 9:56,IP Address,104.63.226.6,100,200,TRUE,4/7/2022 9:56,R_2CJHhzoSerjfEEj,,,,,39.4987,-119.8202,anonymous,EN,Undergraduate,Other STEM,"> 5 years work experience, including internships","Yes, but I primarily rely on professional investors to help me invest.","No, I am not",No,,Almost $6000,No
4/7/2022 10:02,4/7/2022 10:05,IP Address,73.34.61.56,100,141,TRUE,4/7/2022 10:05,R_3MbVcT6dm0H4vdy,,,,,39.869,-104.9767,anonymous,EN,Undergraduate,Other STEM,"> 5 years work experience, including internships","No, I don't have any","No, I am not",No,Almost $6000,,No
4/7/2022 10:07,4/7/2022 10:10,IP Address,74.73.141.28,100,206,TRUE,4/7/2022 10:10,R_28B7iK0ClCPzULM,,,,,40.66,-73.839,anonymous,EN,Undergraduate,Others,"> 5 years work experience, including internships","Yes, but I primarily rely on professional investors to help me invest.","No, I am not",No,,Almost $6000,No
4/7/2022 10:09,4/7/2022 10:11,IP Address,70.59.94.166,100,129,TRUE,4/7/2022 10:11,R_UbDYjVQljwLozPH,,,,,44.9121,-93.1717,anonymous,EN,< Undergraduate,Other STEM,"> 5 years work experience, including internships","Yes, I primarily make investments myself.","No, I am not",No,Almost $6000,,Yes
4/7/2022 10:24,4/7/2022 10:26,IP Address,104.53.166.216,100,124,TRUE,4/7/2022 10:26,R_1hXQRwGXRY1NZ5V,,,,,38.6142,-90.291,anonymous,EN,Undergraduate,Others,"> 5 years work experience, including internships","Yes, I primarily make investments myself.","Yes, I am",No,,"$19,559 ",No
4/7/2022 10:30,4/7/2022 10:32,IP Address,172.56.16.90,100,92,TRUE,4/7/2022 10:32,R_3JyMFMbG86Y3opv,,,,,34.0486,-118.1796,anonymous,EN,Undergraduate,"Business, Economics, and Finance","> 5 years work experience, including internships","Yes, I primarily make investments myself.","Yes, I am",No,$8000-$9000,,No
4/7/2022 10:42,4/7/2022 10:43,IP Address,99.14.249.117,100,84,TRUE,4/7/2022 10:43,R_2OIPk6SITTDt7Uv,,,,,35.2701,-81.5306,anonymous,EN,> Master's,Others,"> 5 years work experience, including internships","Yes, I primarily make investments myself.","No, I am not",No,,$8000-$9000,No
4/7/2022 10:56,4/7/2022 10:57,IP Address,174.84.79.207,100,67,TRUE,4/7/2022 10:57,R_eJUxw69q6gFIxON,,,,,42.9468,-83.817,anonymous,EN,Undergraduate,Others,"1-3 years work experience, including internships","Yes, but I primarily rely on professional investors to help me invest.","Yes, I am",I am not sure,,"$19,559 ",Yes
4/7/2022 11:05,4/7/2022 11:05,IP Address,71.191.188.142,100,6,TRUE,4/7/2022 11:05,R_3fxHADWfYzwNx8U,,,,,38.7741,-77.2385,anonymous,EN,< Undergraduate,,"1-3 years work experience, including internships","Yes, I primarily make investments myself.","No, I am not",Yes,,$8000-$9000,No
4/7/2022 11:06,4/7/2022 11:07,IP Address,71.191.188.142,100,65,TRUE,4/7/2022 11:07,R_ZrDgrXiUUkwRRV7,,,,,38.7741,-77.2385,anonymous,EN,Undergraduate,Other STEM,"> 5 years work experience, including internships","Yes, but I primarily rely on professional investors to help me invest.","Yes, I am",Yes,$8000-$9000,,No
4/7/2022 11:23,4/7/2022 11:25,IP Address,174.63.0.170,100,155,TRUE,4/7/2022 11:25,R_2VCQoG56yjb6lLU,,,,,39.5892,-105.1359,anonymous,EN,Undergraduate,Others,"> 5 years work experience, including internships","No, I don't have any","Yes, I am",No,$8000-$9000,,No
4/7/2022 11:30,4/7/2022 11:32,IP Address,72.132.16.48,100,122,TRUE,4/7/2022 11:32,R_29hP6bJoc3SWBQO,,,,,33.806,-116.4624,anonymous,EN,Master's,"Business, Economics, and Finance","> 5 years work experience, including internships","Yes, but I primarily rely on professional investors to help me invest.","Yes, I am",No,Almost $6000,,Yes
4/7/2022 11:38,4/7/2022 11:39,IP Address,24.6.106.56,100,72,TRUE,4/7/2022 11:39,R_AO5R5pphcgd0MLf,,,,,37.5281,-121.9732,anonymous,EN,Undergraduate,"Statistics, Data Science","> 5 years work experience, including internships","Yes, I primarily make investments myself.","Yes, I am",Yes,,$8000-$9000,Yes
4/7/2022 11:54,4/7/2022 11:56,IP Address,50.224.158.114,100,151,TRUE,4/7/2022 11:56,R_VJ8wBFl12bTTYKl,,,,,44.9339,-93.1235,anonymous,EN,Undergraduate,Others,"> 5 years work experience, including internships","Yes, I primarily make investments myself.","Yes, I am",No,,Almost $6000,Yes
4/7/2022 11:55,4/7/2022 11:57,IP Address,75.97.41.155,100,100,TRUE,4/7/2022 11:57,R_25YO9tvt549nHhM,,,,,40.8191,-76.8691,anonymous,EN,Undergraduate,"Business, Economics, and Finance","> 5 years work experience, including internships","Yes, but I primarily rely on professional investors to help me invest.","Yes, I am",No,Almost $6000,,No
4/7/2022 12:08,4/7/2022 12:11,IP Address,45.36.254.232,100,216,TRUE,4/7/2022 12:11,R_2Pu3xgGYXK2yvC8,,,,,36.0322,-79.8588,anonymous,EN,Undergraduate,Others,"> 5 years work experience, including internships","Yes, I primarily make investments myself.","No, I am not",No,"$19,559 ",,No
4/7/2022 12:28,4/7/2022 12:30,IP Address,50.216.129.154,100,123,TRUE,4/7/2022 12:30,R_eXWaJGk4t6woq1r,,,,,42.3737,-71.1284,anonymous,EN,Master's,Others,"> 5 years work experience, including internships","No, I don't have any","No, I am not",No,Almost $6000,,No
4/7/2022 12:35,4/7/2022 12:36,IP Address,174.86.239.95,100,103,TRUE,4/7/2022 12:36,R_2z910SeH2RD1p8M,,,,,38.7943,-90.2817,anonymous,EN,< Undergraduate,Others,"> 5 years work experience, including internships","Yes, I primarily make investments myself.","No, I am not",No,,$8000-$9000,No
4/7/2022 12:57,4/7/2022 12:58,IP Address,73.28.133.228,100,72,TRUE,4/7/2022 12:58,R_3p3Y8cE4QoDnPup,,,,,27.24,-82.4755,anonymous,EN,Master's,"Business, Economics, and Finance","> 5 years work experience, including internships","Yes, I primarily make investments myself.","Yes, I am",No,$8000-$9000,,No
4/7/2022 13:26,4/7/2022 13:29,IP Address,198.71.99.128,100,143,TRUE,4/7/2022 13:29,R_2rHpeSyd7StusTp,,,,,33.4796,-88.3528,anonymous,EN,Undergraduate,Others,"> 5 years work experience, including internships","Yes, I primarily make investments myself.","Yes, I am",No,,Almost $6000,Yes
4/7/2022 13:43,4/7/2022 13:45,IP Address,159.250.46.49,100,134,TRUE,4/7/2022 13:45,R_TjeBDE8Mx96LER3,,,,,40.064,-79.7807,anonymous,EN,Undergraduate,Other STEM,"> 5 years work experience, including internships","Yes, I primarily make investments myself.","No, I am not",No,Almost $6000,,No
4/7/2022 16:49,4/7/2022 16:52,IP Address,198.178.224.150,100,140,TRUE,4/7/2022 16:52,R_2Sk3C6lO5UxDQx3,,,,,37.751,-97.822,anonymous,EN,Undergraduate,Others,"> 5 years work experience, including internships","No, I don't have any","Yes, I am",Yes,,Almost $6000,Yes
4/7/2022 17:37,4/7/2022 17:38,IP Address,76.227.12.50,100,35,TRUE,4/7/2022 17:38,R_785KtddhCEDdcyd,,,,,42.1124,-87.979,anonymous,EN,Undergraduate,"Business, Economics, and Finance","4-5 years work experience, including internships","Yes, but I primarily rely on professional investors to help me invest.","Yes, I am",No,Almost $6000,,Yes
4/7/2022 19:17,4/7/2022 19:18,IP Address,24.240.68.77,100,62,TRUE,4/7/2022 19:18,R_2afzscUrIqc3hKB,,,,,42.6241,-88.6266,anonymous,EN,Master's,Others,"> 5 years work experience, including internships","Yes, I primarily make investments myself.","No, I am not",Yes,Almost $6000,,No
4/7/2022 21:00,4/7/2022 21:01,IP Address,71.196.224.73,100,25,TRUE,4/7/2022 21:01,R_2b28jK5l9iKfRJC,,,,,39.8147,-105.1168,anonymous,EN,> Master's,"Business, Economics, and Finance","> 5 years work experience, including internships","Yes, I primarily make investments myself.","Yes, I am",Yes,,Almost $6000,Yes
4/7/2022 21:20,4/7/2022 21:22,IP Address,50.45.232.159,100,104,TRUE,4/7/2022 21:22,R_1I5zWlUZRZxOJTy,,,,,45.6073,-122.4147,anonymous,EN,< Undergraduate,"Business, Economics, and Finance","1-3 years work experience, including internships","Yes, I primarily make investments myself.","Yes, I am",Yes,Almost $6000,,No
4/7/2022 22:07,4/7/2022 22:08,IP Address,76.107.77.40,100,66,TRUE,4/7/2022 22:08,R_3D0hfvlLqhe4Xcq,,,,,32.4699,-90.1102,anonymous,EN,> Master's,Others,"> 5 years work experience, including internships","Yes, I primarily make investments myself.","Yes, I am",No,,Almost $6000,No
4/8/2022 2:24,4/8/2022 2:26,IP Address,96.238.189.68,100,117,TRUE,4/8/2022 2:26,R_3JLDccZRyvgfa3S,,,,,37.5147,-77.5034,anonymous,EN,Undergraduate,"Business, Economics, and Finance","> 5 years work experience, including internships","Yes, I primarily make investments myself.","No, I am not",No,Almost $6000,,No
4/8/2022 4:04,4/8/2022 4:05,IP Address,38.34.109.97,100,77,TRUE,4/8/2022 4:05,R_3k0MeBa9G04ZUPS,,,,,38.9057,-77.0319,anonymous,EN,Undergraduate,Others,"> 5 years work experience, including internships","Yes, I primarily make investments myself.","Yes, I am",No,,"$19,559 ",No
4/8/2022 6:56,4/8/2022 6:59,IP Address,70.185.96.81,100,154,TRUE,4/8/2022 6:59,R_x5SO6WfOXYEZUZ3,,,,,29.6138,-82.386,anonymous,EN,Undergraduate,"Business, Economics, and Finance","> 5 years work experience, including internships","Yes, but I primarily rely on professional investors to help me invest.","Yes, I am",No,,$8000-$9000,No
4/8/2022 10:54,4/8/2022 10:56,IP Address,69.23.235.1,100,135,TRUE,4/8/2022 10:56,R_2D8P442pQHbKPhr,,,,,38.2131958,-84.54550171,anonymous,EN,< Undergraduate,Others,"> 5 years work experience, including internships","No, I don't have any","No, I am not",No,Almost $6000,,No
4/8/2022 12:28,4/8/2022 12:29,IP Address,74.124.181.26,100,45,TRUE,4/8/2022 12:29,R_3HZgjSBkc4m1IWj,,,,,36.0019989,-80.00039673,anonymous,EN,< Undergraduate,Others,"> 5 years work experience, including internships","Yes, but I primarily rely on professional investors to help me invest.","Yes, I am",Yes,"$19,559 ",,Yes
4/8/2022 19:45,4/8/2022 19:47,IP Address,198.207.210.134,100,114,TRUE,4/8/2022 19:47,R_1Iplskq4vbO7E8h,,,,,39.77690125,-94.10019684,anonymous,EN,< Undergraduate,Others,"> 5 years work experience, including internships","Yes, I primarily make investments myself.","No, I am not",No,,Almost $6000,No
4/9/2022 9:16,4/9/2022 9:18,IP Address,24.199.148.218,100,82,TRUE,4/9/2022 9:18,R_6tV7w1GVK1lFZrr,,,,,35.22270203,-80.79380035,anonymous,EN,Undergraduate,Other STEM,"> 5 years work experience, including internships","Yes, I primarily make investments myself.","Yes, I am",No,"$19,559 ",,No
4/9/2022 17:36,4/9/2022 17:41,IP Address,76.219.215.62,100,344,TRUE,4/9/2022 17:41,R_21uCk8jsXYm1LVy,,,,,33.67199707,-117.7402039,anonymous,EN,Undergraduate,Others,"> 5 years work experience, including internships","Yes, I primarily make investments myself.","No, I am not",I am not sure,,"$19,559 ",No
4/10/2022 10:24,4/10/2022 10:27,IP Address,73.214.56.91,100,185,TRUE,4/10/2022 10:27,R_215G0M3PeqenvlR,,,,,40.3052063,-79.54180145,anonymous,EN,Undergraduate,"Business, Economics, and Finance,Other STEM","> 5 years work experience, including internships","Yes, I primarily make investments myself.","Yes, I am",No,,Almost $6000,No
4/10/2022 11:58,4/10/2022 12:02,IP Address,76.21.179.82,100,232,TRUE,4/10/2022 12:02,R_2zGsnBgWbVzhfWU,,,,,38.35229492,-75.53859711,anonymous,EN,< Undergraduate,Others,"> 5 years work experience, including internships","Yes, but I primarily rely on professional investors to help me invest.","Yes, I am",No,"$19,559 ",,No
4/10/2022 19:18,4/10/2022 19:19,IP Address,24.177.50.231,100,72,TRUE,4/10/2022 19:19,R_1E0z6G9XaBmlmpg,,,,,41.96020508,-72.0039978,anonymous,EN,Undergraduate,"Business, Economics, and Finance","> 5 years work experience, including internships","No, I don't have any","Yes, I am",No,Almost $6000,,No
4/10/2022 20:48,4/10/2022 20:50,IP Address,172.113.105.149,100,116,TRUE,4/10/2022 20:50,R_2CDiORKOGwG0knN,,,,,33.91679382,-118.3432007,anonymous,EN,< Undergraduate,Others,"1-3 years work experience, including internships","Yes, I primarily make investments myself.","Yes, I am",Yes,,$8000-$9000,No
4/11/2022 5:08,4/11/2022 5:09,IP Address,102.129.145.125,100,58,TRUE,4/11/2022 5:09,R_3COOOo5OegVoith,,,,,34.05439758,-118.2440948,anonymous,EN,< Undergraduate,Others,"> 5 years work experience, including internships","No, I don't have any","No, I am not",No,Almost $6000,,No
4/11/2022 5:15,4/11/2022 5:15,Spam,102.129.145.125,100,18,TRUE,4/11/2022 5:15,R_12bxLAP5m6hzDwa,,,,,34.05439758,-118.2440948,anonymous,EN,< Undergraduate,Others,"> 5 years work experience, including internships","No, I don't have any","No, I am not",No,Almost $6000,,No
4/11/2022 11:40,4/11/2022 11:43,IP Address,74.175.145.126,100,188,TRUE,4/11/2022 11:43,R_1DHGV0vLk93TJOf,,,,,33.05799866,-80.01010132,anonymous,EN,Undergraduate,Other STEM,"> 5 years work experience, including internships","Yes, I primarily make investments myself.","Yes, I am",No,,$8000-$9000,No
4/11/2022 11:48,4/11/2022 11:53,IP Address,12.7.216.194,100,310,TRUE,4/11/2022 11:53,R_29mGa1p91ysSNEe,,,,,42.03819275,-88.26200104,anonymous,EN,Undergraduate,"Business, Economics, and Finance","> 5 years work experience, including internships","Yes, I primarily make investments myself.","No, I am not",No,,Almost $6000,No
4/12/2022 18:30,4/12/2022 18:32,IP Address,98.97.84.19,100,81,TRUE,4/12/2022 18:32,R_tDSPiF8oKVcOxCV,,,,,32.7767,-96.805,anonymous,EN,Undergraduate,"Business, Economics, and Finance","> 5 years work experience, including internships","Yes, but I primarily rely on professional investors to help me invest.","No, I am not",No,$8000-$9000,,Yes
4/12/2022 20:32,4/12/2022 20:32,Survey Preview,,100,13,TRUE,4/12/2022 20:32,R_1jr08Q7UQVHTQpX,,,,,35.0562,-80.8194,preview,EN,,,,,,,,,
4/7/2022 9:22,4/7/2022 9:23,IP Address,68.36.219.215,78,50,FALSE,4/14/2022 9:23,R_33DacPg9Gxj3q1G,,,,,,,anonymous,EN,< Undergraduate,Others,"> 5 years work experience, including internships","No, I don't have any","No, I am not",No,,,
4/7/2022 9:22,4/7/2022 9:23,IP Address,98.163.22.184,78,16,FALSE,4/14/2022 9:23,R_3DbXNuqDaJJNjY1,,,,,,,anonymous,EN,< Undergraduate,Other STEM,"> 5 years work experience, including internships","Yes, I primarily make investments myself.","No, I am not",No,,,
4/7/2022 9:23,4/7/2022 9:24,IP Address,104.28.79.22,78,60,FALSE,4/14/2022 9:26,R_1hLmQrXse6sc4T4,,,,,,,anonymous,EN,Undergraduate,,,"No, I don't have any","No, I am not",No,,,
4/7/2022 9:37,4/7/2022 9:37,IP Address,47.147.13.168,78,34,FALSE,4/14/2022 9:37,R_tYih9KyQDF3JrQl,,,,,,,anonymous,EN,Undergraduate,Others,"> 5 years work experience, including internships","Yes, I primarily make investments myself.","Yes, I am",No,,,
4/7/2022 9:36,4/7/2022 9:38,IP Address,73.69.185.253,78,117,FALSE,4/14/2022 9:38,R_pAjnawLLYRUDSHn,,,,,,,anonymous,EN,Undergraduate,Others,"> 5 years work experience, including internships","No, I don't have any","No, I am not",No,,,
4/7/2022 9:38,4/7/2022 9:41,IP Address,68.64.118.38,78,186,FALSE,4/14/2022 9:41,R_3EvdkKM6Zo50GIp,,,,,,,anonymous,EN,Undergraduate,Others,"> 5 years work experience, including internships","Yes, I primarily make investments myself.","No, I am not",No,,,
4/7/2022 9:41,4/7/2022 9:41,IP Address,74.102.198.64,78,45,FALSE,4/14/2022 9:43,R_3pbePGMKqKGJEDp,,,,,,,anonymous,EN,< Undergraduate,Others,"> 5 years work experience, including internships","Yes, I primarily make investments myself.","No, I am not",No,,,
4/7/2022 9:51,4/7/2022 9:52,IP Address,47.196.88.117,78,37,FALSE,4/14/2022 9:52,R_uhblUFrX1RVx5rX,,,,,,,anonymous,EN,< Undergraduate,Others,"> 5 years work experience, including internships","Yes, I primarily make investments myself.","Yes, I am",No,,,
4/7/2022 10:56,4/7/2022 10:57,IP Address,73.74.235.162,78,45,FALSE,4/14/2022 10:57,R_WxJkxaobpmevTMt,,,,,,,anonymous,EN,< Undergraduate,Others,"> 5 years work experience, including internships","No, I don't have any","No, I am not",No,,,
4/7/2022 11:26,4/7/2022 11:27,IP Address,73.252.147.66,78,22,FALSE,4/14/2022 11:29,R_3iJSeJh2bOMhPkY,,,,,,,anonymous,EN,< Undergraduate,Others,"> 5 years work experience, including internships","Yes, I primarily make investments myself.","No, I am not",No,,,
4/7/2022 11:59,4/7/2022 12:00,IP Address,216.81.94.68,78,43,FALSE,4/14/2022 12:06,R_1ImgHRnnclFdY5u,,,,,,,anonymous,EN,Undergraduate,Others,"> 5 years work experience, including internships","Yes, but I primarily rely on professional investors to help me invest.","Yes, I am",Yes,,,
4/7/2022 17:20,4/7/2022 17:23,IP Address,192.81.179.4,78,173,FALSE,4/14/2022 17:30,R_1jk13X7JD3ukYRQ,,,,,,,anonymous,EN,< Undergraduate,Others,"> 5 years work experience, including internships","No, I don't have any","No, I am not",No,,,
4/11/2022 4:00,4/11/2022 4:01,IP Address,24.54.108.213,78,20,FALSE,4/18/2022 4:01,R_3s0RljGVul9CjoK,,,,,,,anonymous,EN,< Undergraduate,"Statistics, Data Science","4-5 years work experience, including internships","Yes, but I primarily rely on professional investors to help me invest.","Yes, I am",Yes,,,
